id,ipaddress,created_time,updated_time,credibility
b6e64cb7-3f3a-44a6-bb93-5c8a778ad6af,47.99.56.78,2024-01-26 14:09:03,,1
eda99538-d7dc-40b3-9869-5b9ed4f00d07,65.49.20.66,2024-01-26 14:09:03,,1
0c4e0a58-aa44-4f35-9c2d-41590e554230,106.75.92.88,2024-01-26 14:09:03,,1
6fa48263-ecab-468f-a944-d2bc9e716138,128.14.159.252,2024-01-26 14:09:03,,1
6b883593-7855-4539-84bb-ee7ba14a26e2,162.243.131.16,2024-01-26 14:09:03,,1
e39911ba-8bd2-4536-8861-7ccfa824dd5d,172.104.210.105,2024-01-26 14:09:03,,1
c47feac6-4d94-44e9-99b1-1fc2bfb1f493,205.210.31.229,2024-01-26 14:09:03,,1
c2fb90fe-087d-4243-882e-0bf5278e9ad3,45.95.147.236,2024-01-26 14:09:04,,1
8313dc72-2e8b-461e-98c3-d5af4519eb40,104.86.182.8,2024-01-26 14:09:04,,1
62c70fc4-ca6d-412f-892b-ce5361f2d94f,104.69.73.29,2024-01-26 14:09:04,,1
a9610e9d-e822-4035-a963-97f8100e09d7,128.116.120.3,2024-01-26 14:09:04,,1
6ba68516-172f-414d-926a-c477f5563dea,20.22.113.133,2024-01-26 14:09:04,,1
3da329dc-bfa7-4805-8892-1be51e224b82,82.250.63.168,2024-01-26 14:09:04,,1
de1adfe7-d1c1-4cab-9012-70e5828da503,103.246.145.111,2024-01-26 14:09:04,,1
0a88b5e6-ab65-4c44-8185-8ebe4e9a0719,104.103.65.13,2024-01-26 14:09:04,,1
4f88e8a1-babb-4ede-95cb-c717f3ce8ce3,104.107.214.203,2024-01-26 14:09:04,,1
caa5ed2b-b642-4461-a900-3959d0d01bab,104.192.169.138,2024-01-26 14:09:04,,1
77c48c0b-0e74-4ea7-a15c-a4009b83b632,107.6.181.194,2024-01-26 14:09:04,,1
70a28837-149f-42b1-a08d-118ee2afe61a,114.114.114.114,2024-01-26 14:09:04,,1
78ff1c66-5041-4edf-b82f-1b968228e3cd,134.122.66.170,2024-01-26 14:09:04,,1
63f8de97-527b-4abc-ac76-11d4edde6ce2,134.209.194.210,2024-01-26 14:09:04,,1
4c5de072-60c7-4b21-8fcc-418f423a02cd,135.181.215.237,2024-01-26 14:09:04,,1
d9a318c3-fc4a-45a8-bfbf-15511ddf1fe3,139.99.238.26,2024-01-26 14:09:04,,1
bce790ab-c380-4052-8297-ca31c7ce0dc3,148.251.28.105,2024-01-26 14:09:04,,1
d1016498-33a7-48bc-83cf-3d3967e3758d,152.195.38.76,2024-01-26 14:09:04,,1
c92cee07-b277-4742-9339-ac7938283f6d,154.210.82.20,2024-01-26 14:09:04,,1
d851909d-f049-4217-8533-9bf063a37138,157.245.170.36,2024-01-26 14:09:04,,1
46829ca8-2ec0-4159-bfa4-4ccb7aa36124,159.153.191.239,2024-01-26 14:09:04,,1
82f438f9-4df8-401b-8f96-d83b5ddb53b1,159.153.191.240,2024-01-26 14:09:04,,1
ce61ece7-b6d8-49ca-bed7-46abfe8ed9c3,167.71.168.181,2024-01-26 14:09:04,,1
726a5ad4-d97d-49f3-aa21-a8a164891a29,192.229.211.108,2024-01-26 14:09:04,,1
44423a92-9752-42be-aa07-17e42ad3f2d6,200.172.238.135,2024-01-26 14:09:04,,1
672b32aa-a544-474c-9ac1-e894882714ba,209.97.163.68,2024-01-26 14:09:04,,1
10136536-e601-4004-871f-8b245dfb2e35,23.216.147.64,2024-01-26 14:09:04,,1
6fe52ef3-8a1e-4a01-a035-63d8f9f8d261,23.216.147.76,2024-01-26 14:09:04,,1
adb0ce0e-c3db-4811-902e-d6d688bfec24,65.60.62.74,2024-01-26 14:09:04,,1
1dfed0b1-e093-4524-80aa-e369eff9148b,93.115.29.139,2024-01-26 14:09:04,,1
ca4a153d-19ec-43ec-ad08-74b9ffce3211,104.111.216.204,2024-01-26 14:09:04,,1
86a34f86-217d-4383-bb84-bf1acb712f96,104.124.240.128,2024-01-26 14:09:04,,1
e4f90f57-cf11-4a01-b521-26e744c8d468,104.16.120.50,2024-01-26 14:09:04,,1
d9987a1d-cefa-4e41-89d9-87507d8a9de0,104.21.33.110,2024-01-26 14:09:04,,1
4d35ce64-1510-48fa-9520-822fdc4301ce,104.21.39.33,2024-01-26 14:09:04,,1
1e170e12-215d-43e2-867b-3694d26ea4e3,104.21.54.103,2024-01-26 14:09:04,,1
e81f52bf-f7e5-49cd-b597-c346c376ef57,104.21.54.11,2024-01-26 14:09:04,,1
4c515f38-be32-469c-893e-678cca8a9fc6,104.21.57.251,2024-01-26 14:09:04,,1
70f3c5be-1fc7-42d1-adc0-d7ea9413ff0d,104.21.88.145,2024-01-26 14:09:04,,1
cd6aff80-d465-461f-8c31-217612df56db,104.21.9.31,2024-01-26 14:09:04,,1
910d24ad-d783-4a78-bf79-51e6c0a11038,104.21.93.137,2024-01-26 14:09:04,,1
d2305aa3-8f80-41a8-8c5b-5b8b215e00c3,104.22.32.92,2024-01-26 14:09:04,,1
6c2db300-aee7-4cf7-b1cf-c5f23476678f,104.27.188.61,2024-01-26 14:09:04,,1
b70984a5-6216-4834-993a-c637dbbdcdb4,104.27.189.61,2024-01-26 14:09:04,,1
f4986df7-3db2-472f-84a4-b2b4675ffbe3,13.88.139.208,2024-01-26 14:09:04,,1
f8ba1f90-c7b1-4dac-b884-060d8fb19981,131.253.33.203,2024-01-26 14:09:04,,1
d6f3028d-e677-4437-b5c9-d0dacd0b9148,139.59.82.105,2024-01-26 14:09:04,,1
dd112bee-3a1b-4dae-8a20-642041daeaf0,146.75.113.21,2024-01-26 14:09:04,,1
f50bba32-c50f-45fb-ac10-4dd8acb32271,172.67.141.50,2024-01-26 14:09:04,,1
8b44e457-b33b-46c5-b968-bc48276f8ed9,172.67.142.229,2024-01-26 14:09:04,,1
09e8817b-ffef-470f-b812-9bf268f7a46c,172.67.161.225,2024-01-26 14:09:04,,1
6938da56-aa82-40d4-bcbb-1eb0d4325c65,172.67.195.194,2024-01-26 14:09:04,,1
85872b7f-045e-4c77-80b3-ade877ed8e53,172.67.210.218,2024-01-26 14:09:04,,1
8443a225-c08c-458c-b119-ab1653d0c415,20.190.144.137,2024-01-26 14:09:04,,1
88ea532b-e3b6-4097-a2f7-da55f966bc58,20.190.148.166,2024-01-26 14:09:04,,1
5771f1f0-ad56-4ada-a3a0-411c5b03fe0e,20.190.148.167,2024-01-26 14:09:04,,1
6bd6ab83-3dc0-4d60-bba4-3afc1549be6b,20.190.152.19,2024-01-26 14:09:04,,1
7077a3ed-610d-4bb9-8402-c9294fa7ad67,20.190.152.20,2024-01-26 14:09:04,,1
9b1cdf19-65ad-45fa-924f-a1c71034f781,20.190.152.21,2024-01-26 14:09:04,,1
af28cddf-1065-4557-a188-bcac9f3d9f10,20.190.152.22,2024-01-26 14:09:04,,1
c8364ae3-c19f-4f12-95cf-e67d8af67f62,20.190.160.129,2024-01-26 14:09:04,,1
0e5e384c-87df-45e4-bad2-2032e9b717a6,20.190.160.132,2024-01-26 14:09:04,,1
b0f00f24-afc1-48df-986a-b99ad959861c,20.190.160.134,2024-01-26 14:09:04,,1
8cb6b25e-3f0c-4f79-8653-252100a8ca68,20.190.160.136,2024-01-26 14:09:04,,1
67849faa-e834-441d-ba99-04a7c75a2341,20.190.160.2,2024-01-26 14:09:04,,1
6f4a42a0-31dd-4995-8c73-bcb3538aa054,20.190.160.4,2024-01-26 14:09:04,,1
7d53fab9-99de-4307-b20a-7de2d2fe1029,20.190.160.6,2024-01-26 14:09:04,,1
361d0862-8198-4493-a58d-16ddd525ebca,20.190.160.67,2024-01-26 14:09:04,,1
9f0047a0-ef5e-477a-89c7-aac503f7ea54,20.190.160.69,2024-01-26 14:09:04,,1
8ff1489a-8c2e-4d27-af98-b46b5924b01e,20.190.160.71,2024-01-26 14:09:04,,1
8d58b776-8cf7-47f4-9edf-afdb602de37b,20.54.64.202,2024-01-26 14:09:04,,1
ba9d04f4-3dcd-4bec-a69e-4fe4c40e094b,20.62.24.77,2024-01-26 14:09:04,,1
6a1056d3-2e0f-460d-84d5-bd68be363575,20.99.133.109,2024-01-26 14:09:04,,1
50c69fba-9175-43c7-ac5e-f6c2282c9c8f,20.99.184.37,2024-01-26 14:09:04,,1
26f0b338-f2e0-4cb6-9a67-815c4f01349c,20.99.185.48,2024-01-26 14:09:04,,1
a93909c1-a579-48a3-9e22-56759fde6ddc,20.99.186.246,2024-01-26 14:09:04,,1
bb70b79e-f479-4a35-8ff7-da777ff13ff4,40.126.24.146,2024-01-26 14:09:04,,1
c576e67d-8b96-4746-99b9-4f85a93f037b,40.126.24.147,2024-01-26 14:09:04,,1
91789798-3427-430c-9ced-3fcdb452e8ba,40.126.24.148,2024-01-26 14:09:04,,1
db04bf41-779c-4815-841e-c51b091bcbc7,40.126.24.149,2024-01-26 14:09:04,,1
79557c5c-9fbb-4441-8beb-f6f750331752,40.126.24.81,2024-01-26 14:09:04,,1
790fb708-420f-4da8-a9e1-efe33baef6ec,40.126.24.82,2024-01-26 14:09:04,,1
3e08d15c-68ee-4190-8efd-30a257fe98e9,40.126.24.83,2024-01-26 14:09:04,,1
d34d7bb7-f704-4143-a7b1-aafb683650fc,40.126.24.84,2024-01-26 14:09:04,,1
de1aa124-07aa-43ac-bcfb-56da00d8b93a,40.126.27.66,2024-01-26 14:09:04,,1
e4d19db4-e13c-4d1a-ae1b-95ee407d30f9,40.126.35.150,2024-01-26 14:09:04,,1
f7d97fdc-8fd2-4324-ab8f-023112c6669f,40.126.35.18,2024-01-26 14:09:04,,1
fc39c4c6-f68d-42dd-bab1-44429bd089eb,40.126.35.21,2024-01-26 14:09:04,,1
3067bcf2-49fa-42fa-a032-522c3bc083a4,40.126.35.84,2024-01-26 14:09:04,,1
5cd0bad2-ab18-4557-8662-ecc5a7b08031,72.21.81.200,2024-01-26 14:09:04,,1
e46b4e36-8ad8-431e-a6d2-b4f471e212bf,74.208.236.140,2024-01-26 14:09:04,,1
