id,address,address_type,created_time,updated_time,credibility
3612bc09-7eb2-46d3-86a3-f656b3bd58a9,mc.rockylinux.si,hostname,2024-01-26 14:09:04,,1
29c90606-f666-44c5-b122-a3a6a83898bd,1fb78440dc44b0900b27260a16d9771e,FileHash-MD5,2024-01-26 14:09:04,,1
9c136f58-7d8e-429a-9f1e-9c89432a47da,3fae93618edffe4331d18d8b8e6df693,FileHash-MD5,2024-01-26 14:09:04,,1
fe63771a-5123-4ad1-afe6-db203b64cc0d,62a06bea8c6e276b5e532944cfc863e5,FileHash-MD5,2024-01-26 14:09:04,,1
d9d75f86-7e97-4f4a-a0c4-acd9870f5b92,6e793efe40e355643423f53de43952d3,FileHash-MD5,2024-01-26 14:09:04,,1
290a7321-f3e2-417f-96b8-6da5c5b9c942,9039ae16e5aaa63d9ffe88dfaf0f5108,FileHash-MD5,2024-01-26 14:09:04,,1
26ec2a35-103a-44fb-9363-d4ab2e6aeb74,95f745a5db131b1ca34e44848fd52edb,FileHash-MD5,2024-01-26 14:09:04,,1
7531dcb2-0804-4d2e-8a1b-0a8c8d7fb16b,c1070aca9fcff4a32934e6c8aee4ea48,FileHash-MD5,2024-01-26 14:09:04,,1
07f2de29-62ad-45d4-a87b-43dbe494a723,fe53c38f61588efd90af97185e315612,FileHash-MD5,2024-01-26 14:09:04,,1
ed127f7b-3654-4983-9dd3-2e72220e580d,06641b9b3b5088c48c7660ad3bf160bc87a929fd,FileHash-SHA1,2024-01-26 14:09:04,,1
50f78c81-6dd8-4ec6-998e-5ad301f7b77e,09bd9b17a64b20ba66582dbc3ce08169697177a8,FileHash-SHA1,2024-01-26 14:09:04,,1
3390b254-8b80-4268-81ad-69b93d06d8ae,270e1c883b498eaff08550e823f5cac21bff54e5,FileHash-SHA1,2024-01-26 14:09:04,,1
9bd7dbc0-be5a-40fa-9fa8-f918a1ea52f1,452ec481734a78597b928e29c834d0e43fb2c7e2,FileHash-SHA1,2024-01-26 14:09:04,,1
6d3fa3f0-75e0-4335-acee-ff037758d365,59ce7486745b08d1adba49f2413133c441194986,FileHash-SHA1,2024-01-26 14:09:04,,1
a2c1e97d-7568-47dd-b9fe-28f5a2e60f49,5fae94432540ade68eabce94140c9a5be153b3c8,FileHash-SHA1,2024-01-26 14:09:04,,1
22a2ed27-e307-4d54-a280-e4d39723e08a,79d3143a47dc02768ff5fda8dbcf464c5cdf115b,FileHash-SHA1,2024-01-26 14:09:04,,1
6d2b78f0-c2c1-4895-a07e-4f09ab7b0908,7d1beb03c32db43f5edd4c28f3c905954e40dbd6,FileHash-SHA1,2024-01-26 14:09:04,,1
d75c3a9f-c1c0-4fda-8d7f-577d24892b21,0df17ad20bf796ed549c240856ac2bf9ceb19f21a8cae2dbd7d99369ecd317ef,FileHash-SHA256,2024-01-26 14:09:04,,1
76ef1486-0119-439b-9211-9dddce3c847a,23fc51fde90d98daee27499a7ff94065f7ed4ac09c22867ebd9199e025dee066,FileHash-SHA256,2024-01-26 14:09:04,,1
13a7a67f-76f9-4053-a30c-75b5de4cbacf,59e90be75e51c86b4b9b69dcede2cf815da5a79f7e05cac27c95ec35294151f4,FileHash-SHA256,2024-01-26 14:09:04,,1
2a90bc79-0ac2-4b05-81e3-7f3219fb238b,6b5846f32d8009e6b54743d6f817f0c3519be6f370a0917bf455d3d114820bbc,FileHash-SHA256,2024-01-26 14:09:04,,1
3255c62b-8cb6-4727-ad42-bc556dd3d34f,bb7070cbede294963328119d1145546c2e26709c5cea1d876d234b991682c0b7,FileHash-SHA256,2024-01-26 14:09:04,,1
bdf78058-67bb-4f01-8bb8-96a6a3ed885c,ca45a14d0e88e4aa408a6ac2ee3012bf9994b16b74e3c66b588c7eabaaec4d72,FileHash-SHA256,2024-01-26 14:09:04,,1
69083bfe-5018-4c88-b935-6748f2888313,dcf8f640dd7cc27d2399cce96b1cf4b75e3b9f2dfdf19cee0a170e5a6d2ce6b6,FileHash-SHA256,2024-01-26 14:09:04,,1
b4918ba0-3bdf-45dd-98d9-22c5270d9844,de1114a09cbab5ae9c1011ddd11719f15087cc29c8303da2e71d861b0594a1ba,FileHash-SHA256,2024-01-26 14:09:04,,1
2b0a5037-6f80-4834-bb38-3b58f1d39abb,download.asyncfox.xyz,hostname,2024-01-26 14:09:04,,1
9eea8e91-a827-4072-9b16-fac1e70f8a93,main.dsn.ovh,hostname,2024-01-26 14:09:04,,1
9ed46bdb-1b1d-4abd-bbfe-2eef972d5604,09031a062610d77d685c9934318b4170,FileHash-MD5,2024-01-26 14:09:04,,1
b5cc475b-4839-483f-b892-a1b4e9947453,0cd2f9e0da1773e9ed864da5e370e74e,FileHash-MD5,2024-01-26 14:09:04,,1
042b0f24-34d8-4b17-954b-2727ce4939b9,1704fa3e6d01a20dc7bbf7c79ff1d75a,FileHash-MD5,2024-01-26 14:09:04,,1
0a23b8c1-2b59-4ebb-a1c3-e456b69857a1,18304a088446f42f3c3f2659991836f0,FileHash-MD5,2024-01-26 14:09:04,,1
12db67b7-ef93-46a7-84fb-5195bb180339,28b8e0372444f273eb717cd5addc5db0,FileHash-MD5,2024-01-26 14:09:04,,1
9194a6aa-015c-4b69-be82-418262e1774f,2de13ddf23f8f53ebdf96db45a01e06d,FileHash-MD5,2024-01-26 14:09:04,,1
0a0c0c39-a3c7-4c54-bd0f-4c7f5d78176b,38c2e1fb179a0802ca4a3a0f2888bcd8,FileHash-MD5,2024-01-26 14:09:04,,1
8a272722-4261-4033-8dea-65b68b02825b,3c3046f640f7825c720849aaa809c963,FileHash-MD5,2024-01-26 14:09:04,,1
8a4b02d1-58f5-4cb5-9258-de701ace9350,4babde3027cc56507df6b44da2e8c1bd,FileHash-MD5,2024-01-26 14:09:04,,1
af04b5c1-c54c-4af4-a73e-ce7ec12aa06d,73cdbb9d3b057decf7e9f5b8ab25060c,FileHash-MD5,2024-01-26 14:09:04,,1
d89efad0-c761-446b-b652-2224ca4be2e5,84ab5159b950f354b20253799d7cfa42,FileHash-MD5,2024-01-26 14:09:04,,1
3c61a49f-a492-4664-90bf-f36d38002f2d,94b4e3cad473da57e8a4816dc6a8481d,FileHash-MD5,2024-01-26 14:09:04,,1
e8d9e906-0640-40bf-a796-a7db7a928fef,9f50d8a097e4d3b318543d5c9cc2f422,FileHash-MD5,2024-01-26 14:09:04,,1
56d8ea69-b7a6-4f6a-aa82-1140c5e1edce,a00073a1b393db117415c893f586c804,FileHash-MD5,2024-01-26 14:09:04,,1
c1c33f34-d665-44ca-84fb-93f23199f4c3,a068cb1465cf7f496efc8b722c69937e,FileHash-MD5,2024-01-26 14:09:04,,1
cded9757-5765-4eee-9ec4-7e5d8dbb3c54,a659a4a745d61a7a27c546c6c2b8e516,FileHash-MD5,2024-01-26 14:09:04,,1
14efc424-242c-4857-9328-b7e8b07a2fd1,aa9f2307a94750c65546548ea09d0922,FileHash-MD5,2024-01-26 14:09:04,,1
e693e624-a052-4143-a6e7-7ba141946c9b,ab075aabff8fd72dc89e7989033142f3,FileHash-MD5,2024-01-26 14:09:04,,1
b4b6aef8-e4e7-4fee-9b1c-014ba5e5e534,b32d5a382373d7df0c1fec9f15f0724a,FileHash-MD5,2024-01-26 14:09:04,,1
9f7914a9-0345-4b0e-8875-532b32d6cd23,b52deb053480c272926127ca9b4c2a00,FileHash-MD5,2024-01-26 14:09:04,,1
6cd5cda0-a1f2-4921-a5bf-d45f32b642a3,b55beb282cb91d8d4ea15f5a119e8518,FileHash-MD5,2024-01-26 14:09:04,,1
f9f2b601-fdeb-4ac6-845a-649e9c34dde2,bbf53c2f20ac95a3bc18ea7575f2344b,FileHash-MD5,2024-01-26 14:09:04,,1
79618567-9015-4645-abe3-eef492ea994e,c0e6d71a29851bec8e0f118dcd091d86,FileHash-MD5,2024-01-26 14:09:04,,1
bb71638d-7063-47bd-a1d0-0366c8685a35,ce6f301b9b9fd6229800f2dcd09b3ca5,FileHash-MD5,2024-01-26 14:09:04,,1
0f9665d6-4104-437a-8b21-af97b50e8222,d0243be9845d83d0cbf8b3f2d17fc5b6,FileHash-MD5,2024-01-26 14:09:04,,1
ef85fcfa-91eb-4ddd-b6ff-782881009b0a,d4e5725b7da3c72119e48472478ff1fe,FileHash-MD5,2024-01-26 14:09:04,,1
105d59c9-f0c9-4506-b1cc-8e8165354425,d7539c3c5885eac42f8d35d23500ef1b,FileHash-MD5,2024-01-26 14:09:04,,1
7fb0b7e9-17e8-4722-9f97-a5a79ec41133,d98e33b66343e7c96158444127a117f6,FileHash-MD5,2024-01-26 14:09:04,,1
f52b69fe-7309-46dd-b25d-62e43589dd0a,dcb0b8dadf48fe0bdc7b5189a66900f1,FileHash-MD5,2024-01-26 14:09:04,,1
3f0418fa-909d-4a77-b068-f1987d50f5e9,dccd5d4779f412b7c4ff8f8c2a82b29b,FileHash-MD5,2024-01-26 14:09:04,,1
2b56e31a-667c-4426-9379-17aec6af0039,e28273b91991c9ec4d8c716bb92a1cfa,FileHash-MD5,2024-01-26 14:09:04,,1
bf12a129-0fcb-4130-9f58-23a78a4e00fa,e311a7337deaf8bc1090a828d3f40f2e,FileHash-MD5,2024-01-26 14:09:04,,1
2e7f75d3-066b-4c90-822e-20f1020f771d,e5bacdab6be735f7f8a473971c243dd4,FileHash-MD5,2024-01-26 14:09:04,,1
e9faa1a6-e585-45eb-8c54-80ab60f1fd92,efa11f662ecff82e44a32782f0893674,FileHash-MD5,2024-01-26 14:09:04,,1
77d257e4-f338-4c96-abf4-fe9a7ee570af,f141e54a51a61f716a41d8d751f460d5,FileHash-MD5,2024-01-26 14:09:04,,1
13da4260-40a0-401b-8835-e7ee78628b89,f2188b764f4035b473c0ef06bda86791,FileHash-MD5,2024-01-26 14:09:04,,1
3bd6847d-60d8-4375-82d9-d1448aacf4d6,f971d803036449685e8aea2ea78c2760,FileHash-MD5,2024-01-26 14:09:04,,1
91d4191f-5ba2-4afe-b29f-d24c1ed33591,fd249e9cece238f5b2fb6ba0970f499c,FileHash-MD5,2024-01-26 14:09:04,,1
ba5c3730-bbb9-4fe7-a85e-90e351520e59,fe740c2c39242a6572f6eaa173f0a4ef,FileHash-MD5,2024-01-26 14:09:04,,1
d57bbbab-4b2c-4750-adac-a8274bc39731,ffb72f98676269aeb972299b91a2d26c,FileHash-MD5,2024-01-26 14:09:04,,1
18a7e6e9-ea95-4308-9ae0-4f4195180f15,059d27dbb4777ed1f17b2aa42c0e7c19ad29b304,FileHash-SHA1,2024-01-26 14:09:04,,1
73ff0a36-66f8-4cd9-a08b-26419cedaa18,08efdcafca73b92428f759b5b2df4c25d75abba8,FileHash-SHA1,2024-01-26 14:09:04,,1
155334e0-86e6-4a2e-ad09-8466a97c445c,092b1f4b5f706ea2a248620e76208bf1545aa3a1,FileHash-SHA1,2024-01-26 14:09:04,,1
f70e0d4e-5cef-44c6-9b82-3424cc00f663,0bd0e80488cdacf43582e134cf55d4cc80964eea,FileHash-SHA1,2024-01-26 14:09:04,,1
6347b3f1-43cb-4e75-b4a2-84bdee49b34c,0cdf1214fb20bdc1cef74b2d1fc048ccf60d8e3a,FileHash-SHA1,2024-01-26 14:09:04,,1
fd4765f6-e2de-4589-90cd-af1144808062,0cfaba942ec212cda5ca9f14eadd13ada686944f,FileHash-SHA1,2024-01-26 14:09:04,,1
e886f0ca-2313-44ed-8015-7a60b82a6b77,0fe6053f9d07d673c1b01b576731e979b4ac1af0,FileHash-SHA1,2024-01-26 14:09:04,,1
8779314b-a5bf-4f50-a9a2-86e653161df2,1c6c54c8078418a92a9fd28967a6bd05552b2a32,FileHash-SHA1,2024-01-26 14:09:04,,1
96325203-a24d-4a99-8c46-7f959a589e73,210085f8eec33b879b15c329df02c50b9c3f8b51,FileHash-SHA1,2024-01-26 14:09:04,,1
935ac9f5-70a1-4503-b1c0-7ebce96d87ce,22e9f65b6797c66eab870d2a6fd2cf24bccd62a3,FileHash-SHA1,2024-01-26 14:09:04,,1
392da436-f77d-4379-bfc7-7e355a8e6a84,2ac01b7ba639bb2e0a6d933db4857fa837bc978d,FileHash-SHA1,2024-01-26 14:09:04,,1
2d17dca3-80e3-43af-8b57-71361a82beb8,472fc4c27859f39e8b9a0bf784949f72944dc52b,FileHash-SHA1,2024-01-26 14:09:04,,1
a826d8b2-ca64-4e60-92a7-03d85e842afb,4ab4a09f543f31d36375040b6461dd0b016c4ec2,FileHash-SHA1,2024-01-26 14:09:04,,1
d1a5ca9b-24df-4329-8116-4678564624b2,4b18b346d6526b110e5bfd903e37aa03e4bb7c93,FileHash-SHA1,2024-01-26 14:09:04,,1
9c3ba1c2-e847-4e16-afa0-5a8475e6cf61,4b2bb752d8d2a719d563daa6398451bba929a84d,FileHash-SHA1,2024-01-26 14:09:04,,1
7528a8e4-7c0f-49b9-abf8-fe2d5ad7e7c2,4cbb810b0c85f3aec3b1261f4fe54ef13533e03a,FileHash-SHA1,2024-01-26 14:09:04,,1
c545599b-9754-4453-9e66-fabd2e32d642,5f93e96bc796bfc966990e53007714d5775892bb,FileHash-SHA1,2024-01-26 14:09:04,,1
e4c441d9-fe5a-40b5-95f2-651a5198e544,60cb130ec7ed5bcea4f23d46f6ac4d14c91a75c4,FileHash-SHA1,2024-01-26 14:09:04,,1
849db14d-05c1-4752-99cf-4a1cce642408,61ae00ec8041de7826deceb176c495ab23392efb,FileHash-SHA1,2024-01-26 14:09:04,,1
83e5e6c0-1604-4a31-a4d3-9909ee0d8a23,6ed7e894cab05afef92d1cffffcbfbdc9aeaf28d,FileHash-SHA1,2024-01-26 14:09:04,,1
c634c393-8ab0-4c9b-bbd7-a921b60ed449,725793c52e6a89f1ecd3c683c8747e2abe519f1c,FileHash-SHA1,2024-01-26 14:09:04,,1
0936bed2-3b22-4d7e-9288-833d077437d8,799010449472376ad3acc7ba9ab6f0960670b60c,FileHash-SHA1,2024-01-26 14:09:04,,1
9194b0bb-f03d-4c5c-8a59-8a4b0259c8e2,7be406f6b6988eddab1a595c72359fd48ac642e5,FileHash-SHA1,2024-01-26 14:09:04,,1
92c8275a-d302-46a6-bea7-cc139db04284,880f744184e7774f3d14c1bb857e21cc7fe89a6d,FileHash-SHA1,2024-01-26 14:09:04,,1
20dddd8b-f1d5-4ad7-a4aa-d24eb8232e14,8d718ba5a677ec600668ae0072f3ba7733bf29c6,FileHash-SHA1,2024-01-26 14:09:04,,1
f6459999-5e11-4f95-98b9-e86399053959,991087790dea0a377a6c8a31331c7f5b9329327b,FileHash-SHA1,2024-01-26 14:09:04,,1
01d14d2e-7314-4f7f-ac9e-8f3d45f27553,b6782b0dc23b983f4d9dbfea29672d51a0abd85e,FileHash-SHA1,2024-01-26 14:09:04,,1
9a0d1f80-8eeb-43d4-873e-2b96c0850110,bb716c5509a2bf345c6c1152f6e3e1452d39d50d,FileHash-SHA1,2024-01-26 14:09:04,,1
45c46a7d-612d-4ca9-a1f3-1ab243b2b07b,c6cdf8d4a9d503af1e2c7cd4217f5cc6e9a1e0b4,FileHash-SHA1,2024-01-26 14:09:04,,1
c2aea623-9082-4ecc-9815-01630006544a,ca32c58b9add159256d9a048e2f42550bc6d2c25,FileHash-SHA1,2024-01-26 14:09:04,,1
070af826-d54b-4ed8-9eb9-76d9a0e912a5,cabd2a79a1076a31f21d253635cb039d4329a5e8,FileHash-SHA1,2024-01-26 14:09:04,,1
41eb3d8e-e195-4dde-bae6-752233bca2b0,ce228d3ac0c8c5cbe0989028771a49e66605ab46,FileHash-SHA1,2024-01-26 14:09:04,,1
e31c36e8-e866-4821-81a1-fb5184f2edc5,d75d4449da4e98d61bc424891efb20e789ab0c6b,FileHash-SHA1,2024-01-26 14:09:04,,1
31d43aa9-ee59-45fe-bf27-2ec04848c552,e4a7708354634dc5761293fb386cf0f67170b492,FileHash-SHA1,2024-01-26 14:09:04,,1
a8cbc8cc-dff1-433e-96f9-851fea2dd3ac,e8d154a6d214ecd08e6accb4e3d467412bb673d3,FileHash-SHA1,2024-01-26 14:09:04,,1
6dc77501-3489-4e2e-9783-c4b329ec158f,e94419f9052b4c1accd8d5c94d11bb221f307136,FileHash-SHA1,2024-01-26 14:09:04,,1
c382b22b-17ac-4811-a2ef-fe92cbe1d2b8,f855f5b4d8e9074dcdcf3efbf33642ea83b77c77,FileHash-SHA1,2024-01-26 14:09:04,,1
5135f152-1002-4282-a3bf-39baeb430d8a,fdfeed2e16373cc41a1a93481820540a5a8f1e89,FileHash-SHA1,2024-01-26 14:09:04,,1
3bd46017-f73d-4cd9-af32-e01d1efed2f0,000002d1de070ff832319a98973067ae78244e258e878543ec52423c35481efe,FileHash-SHA256,2024-01-26 14:09:04,,1
670b5b80-203f-46b7-a434-5ea0af29a371,000006c3d01f611ac27deafb2252df8914cc0e5887175503286ec2556b980d77,FileHash-SHA256,2024-01-26 14:09:04,,1
b8066cee-37dd-468a-b0a7-7a8f071efe0b,00000a03d03fd8a3b8a99341d546f5c35a7ec3fd4eb50bea134ceaa3e83f4fb4,FileHash-SHA256,2024-01-26 14:09:04,,1
1983d36a-bda0-447c-a9c8-2f0a9ebb7e9d,00000eb9bc9715b0d854d119b9360278f6e23a4b90925070b925f61470f4935a,FileHash-SHA256,2024-01-26 14:09:04,,1
19055c2b-1bf8-4234-8b06-582eb51090d8,0000189effe042d7cd684883c4ab23cdfb8af3a204ae9faf272ce8e63c721ad4,FileHash-SHA256,2024-01-26 14:09:04,,1
8a573520-0841-40ed-9211-2c01c57184e4,00001b9b711b0c57dd69379342d11d9588fb65c1b4da7fe67ea3a944dfe4e8eb,FileHash-SHA256,2024-01-26 14:09:04,,1
2e914b3a-76a2-4966-a0e5-7d411c263c92,00001c41ad25281ee227d193773d3d39fda0bd718f30b8e26076f81924c1ffaf,FileHash-SHA256,2024-01-26 14:09:04,,1
d9aa71b0-27d4-45b1-8bfc-04e99708b39c,00001d338176a401c1661547432b48f08205346a91486b9ede0e01d9ec0dcc10,FileHash-SHA256,2024-01-26 14:09:04,,1
71c31415-e314-4377-bc97-0f6ac71fa071,00001dd58b69582cc30a16b000bce3d96d369487444385489084719676afba4d,FileHash-SHA256,2024-01-26 14:09:04,,1
5c545901-0218-41c8-aa4b-bf18cf0baef0,00001efe1cbb2b24d3838a5f5d0daeee2ffa0b0daee8cbdea6e08407b8b13333,FileHash-SHA256,2024-01-26 14:09:04,,1
4a2376a9-f6f3-473f-a14b-f30aa61e4714,000020147a291585a67e7bb3377b93fb06ba0dbd963ae23179d865d09caea8d8,FileHash-SHA256,2024-01-26 14:09:04,,1
500d7c5f-81f2-4cf4-afb3-d6b50c9032ae,000021211cb6e637fe04ef42859785f54dade69e0b258c4438f30a13231c9355,FileHash-SHA256,2024-01-26 14:09:04,,1
723c134a-a1bb-424f-aeb5-6de9c6451a5c,000024a57c9423660eb50ca9436d82906364b617570f50028d4d9b501793dd11,FileHash-SHA256,2024-01-26 14:09:04,,1
5ebe95b0-b59a-45ae-af3e-aafeb039d9b6,000027ef817817c375423b90e48dce2b07fa4c75bf6305a398546f0dabff28a3,FileHash-SHA256,2024-01-26 14:09:04,,1
02af3123-a243-46cc-a9df-1f2090dcde84,000029f5d626fd479526700503acc88fd4e1949916f2f281ab501425354bdc1f,FileHash-SHA256,2024-01-26 14:09:04,,1
fe0c9676-7b78-4884-8805-fd9e93cf18ba,00002ad3971320ad8442f45eb1b81b88baccfa1f5a020010a0895b9a4681976e,FileHash-SHA256,2024-01-26 14:09:04,,1
bddcd171-c455-4069-a45a-0ddde74cf967,00002c48378094ad94db24e960f9e654eb0703aa901b570ec845768c7df97a32,FileHash-SHA256,2024-01-26 14:09:04,,1
07016756-4dc7-4023-837f-95047b57ce2b,00002c9d4f746b853a4715de56e52196a4eb69837fa588c2b90ef4f8a9d317df,FileHash-SHA256,2024-01-26 14:09:04,,1
6c64ab43-6b2f-4d30-8493-1bb9c313df33,00002cc89c3e4e1b0c518549163e7878d07baab3bcf348bc1fcdb903f71e7db4,FileHash-SHA256,2024-01-26 14:09:04,,1
92f6945a-e138-416f-a297-20c8be542312,00002f6b26c34d1f8b898de3ce77b1c9029af17c58ad3cac4380b2b1837055ff,FileHash-SHA256,2024-01-26 14:09:04,,1
d19bdc3d-1845-4a90-b1c7-1da822e44489,001c25602ec1d81ee3ff3a7a4a1e3e82171eb58c75f8538e3c9dd5d092bcf1e8,FileHash-SHA256,2024-01-26 14:09:04,,1
98567144-6f31-4f06-822f-a7350409e9ee,0024be2c4f934ad32e548208c6d7872418cf0ba319f52679dba2cdd87955dca5,FileHash-SHA256,2024-01-26 14:09:04,,1
15803039-97c0-4159-ae22-c5811c802241,002f486ef0674c90e7773e76daba1898944505e2ffb9735b95d153b83f1ba1a5,FileHash-SHA256,2024-01-26 14:09:04,,1
c6fbc30d-be4e-4c47-9805-7f1912e5ab81,003280377a32aa4448e9f193e6e3c9c3d4f570f5ca1390d28f478cbfe554e434,FileHash-SHA256,2024-01-26 14:09:04,,1
da17a54a-e3ba-450c-97e3-2b72a4edec63,0042db3f1d304c60dc3d50fb26fcc87cea1b8f2eb15132429588d3a0f4bae296,FileHash-SHA256,2024-01-26 14:09:04,,1
f7ab1ea0-5638-4e74-89a4-2b534c71a06f,004bb6814c5b974d2a067ae9841d7d02ac04220e5b3001f35a08fd92c6ad5b60,FileHash-SHA256,2024-01-26 14:09:04,,1
74ce7b1b-fe61-4ff8-8340-79181bdc6e5d,00532e96a1499dc6ce28b4ac07dcbe2183aa29ca476ddfd4b8cfcd5ebf000783,FileHash-SHA256,2024-01-26 14:09:04,,1
c5b34417-4d21-4819-b902-a377b16ad89d,005eb9a7fb7f7bf1825eff552b1f9a290bb8b6b5b2b7f70afd25ffa0fac5f605,FileHash-SHA256,2024-01-26 14:09:04,,1
e78f08ed-8ec1-45c3-aeb2-7591e9e2c234,005f1d3d1baea688a16b2d096cad8c2b029fa8a395bf4802030042ee2faf809b,FileHash-SHA256,2024-01-26 14:09:04,,1
7d7da105-3924-4f28-a5e7-e5130bd35145,00670ba92d737f493759e2e4576adae667559fc99743799ef65aa6520fcb1b0f,FileHash-SHA256,2024-01-26 14:09:04,,1
526b46e8-74fa-4bbc-a5b6-7bb2946afd89,006b361ebc388f25bf8ddb53273cc65cdbfc0513130c227d66afda5552fba9cc,FileHash-SHA256,2024-01-26 14:09:04,,1
2edb5a64-f352-4e9d-881f-1e11043113bd,00755cca478487ebfbdf82422ce355644a9ab068e00c3952c128228b0636dd2a,FileHash-SHA256,2024-01-26 14:09:04,,1
783c3bc3-1fa4-4333-937d-e809b5216210,009f343f0162de2a8f1fc6e4c58e5971561bf0a89d142bcc9d7400a8a2aa235a,FileHash-SHA256,2024-01-26 14:09:04,,1
64868927-2519-4e12-8ac8-bc2f9b08569c,00adb62973412be485704219f13ffee8530b33d0c6d86dfa71a570ac7ccc65bf,FileHash-SHA256,2024-01-26 14:09:04,,1
564efb7b-76c4-4969-84ec-a01b17837da7,010d280b6c9f22f02075272393fc7cdb2ce9b0923321af948d07279d5a564f99,FileHash-SHA256,2024-01-26 14:09:04,,1
8ace2ac5-645a-4ed4-93fd-f3d289d75042,010fe481ba6275ebbf71e102e66d73f5d819252f2b4b1893d2acf53c04f4200f,FileHash-SHA256,2024-01-26 14:09:04,,1
eb7c7458-c603-4a42-adeb-6b37a08a20cf,0137e4f132b7089c8ec9974f76bd0fd0022cce0bd96435fdc86256be547d14e4,FileHash-SHA256,2024-01-26 14:09:04,,1
8d80abb4-a679-4707-a96e-a6e97ee9f352,013ae849ec5dadd1701cbd415d4b1c0c1a5d5c41cc3dba32584fd5948727097a,FileHash-SHA256,2024-01-26 14:09:04,,1
ca1910a9-0b98-433c-9172-1b0c7e2f660a,014ff4dafbd50983b3305f79de097da5e3560a3a74ba7f65da234ef4a6de7a19,FileHash-SHA256,2024-01-26 14:09:04,,1
765b6f68-84f0-4fb7-aac3-402a5c506e59,0152fbd5437a2e5519e00bc701b49ebe6f322c8cd6489949f0ab5626826e638d,FileHash-SHA256,2024-01-26 14:09:04,,1
cc022a67-f233-4afc-b74d-ef661c681461,016f4acbeb0c8ec414a400a01c1f4699ce5bf884c42ebfeddb73cb799fda4f90,FileHash-SHA256,2024-01-26 14:09:04,,1
ed6ec39b-90d7-411f-beab-27c7ccc538df,01f08680fc3bc6dff7bca5979f36ee38cf2934b8a6ffce070a9f67f11334ac0d,FileHash-SHA256,2024-01-26 14:09:04,,1
5e92da46-75c2-4b9a-8e8b-d6c7313e3b65,021b60d96d9fb836daa43224e64132b78832cdddd741734134fa0d489a067e77,FileHash-SHA256,2024-01-26 14:09:04,,1
c6917761-0fa1-47a0-ba6f-32138ba70e38,0223e5f6982b995feb584d6f37fe56c55f4976e203a026f858a42cd1f18afddb,FileHash-SHA256,2024-01-26 14:09:04,,1
b9179a7a-d855-4aae-8666-f2f782bf04e5,02cd244cf3b8f6992e18b7a09856d6afb32efcbfdf0e702d21f199a480fb0306,FileHash-SHA256,2024-01-26 14:09:04,,1
e544a2c8-5a62-4452-9afe-ea55ee172a57,030b993b01b67abd18e0cef428b199c305e88585fe54513e1353c1594770dcc6,FileHash-SHA256,2024-01-26 14:09:04,,1
4a7b5db0-43d7-4af2-a03e-e959dfc49ae8,0312241fded7bac3681503fce6e568141a154db19bbbd4d90e5b9911f78c4fdf,FileHash-SHA256,2024-01-26 14:09:04,,1
fec33b75-2842-4dae-a5f8-ce1d267c06d8,0368c87e59f76e34e6ae9c8f3089dd43e7577a5f43109a1dd1b9cf718adf3219,FileHash-SHA256,2024-01-26 14:09:04,,1
3d07573c-095f-49e4-9f5b-87b6990fc6f6,03a3ccb8dddba8b5c4a05deae377176fbde7d989497ada035ef3fe5e8488ddc6,FileHash-SHA256,2024-01-26 14:09:04,,1
99b065ae-a079-4bbf-b126-d49882dbdf89,03b38b62e425259f846e3f55bd42ca16ce063cb0395d288bc1f79b8d4eb4838b,FileHash-SHA256,2024-01-26 14:09:04,,1
82f34f5e-dad1-48e3-b631-bb07f13984d6,03d8260936253adc31ac81994139a556e174afc8f215ea5267db64013f95b41d,FileHash-SHA256,2024-01-26 14:09:04,,1
07be1d69-00b0-443a-94c2-65b7818a7c7e,040bc9f5039e79254361389766f0e40bc42f88a601d4b1adf4c94f813f066c70,FileHash-SHA256,2024-01-26 14:09:04,,1
236d9b17-7068-48cd-9f97-c89bcc9f052e,041749334b2de0869c2a0dcca928a76a81905c21f6a27f2a2c207996237a7e2d,FileHash-SHA256,2024-01-26 14:09:04,,1
e5c5dedc-6f8b-403d-b5f1-e4962fa2ea3d,04347fc0a58ed8989623a56ca542441ea8197ff54ba6fc4b5998dfeaec1549ec,FileHash-SHA256,2024-01-26 14:09:04,,1
6265a4a3-b714-4d14-8e90-a2b8b85ce292,043ddee9b55beec10e1af7992a59a163639453ce36dadd51e5a6602e1972451c,FileHash-SHA256,2024-01-26 14:09:04,,1
c2830d23-e8a3-4cf4-8e2d-e0a6d1fb6d2b,050d21935d3b317bbc63285895e3f8f782db8e2dcd28d32d7bacbc3c8b23252f,FileHash-SHA256,2024-01-26 14:09:04,,1
4e463a3b-b9f1-43c8-8bd3-2f3591fec79e,05ca13f316e1706b7abdbf4dacf00bd1c9c7299b4097a818ee0a439ffe17f4dd,FileHash-SHA256,2024-01-26 14:09:04,,1
26578565-b216-48a9-bcee-ab693437c0d3,0641ad9a3b0d70a7167450b6c33d3ecea160be68d0e038abf50394110231c28c,FileHash-SHA256,2024-01-26 14:09:04,,1
2b0882de-301b-426a-a86d-875cf5f29ac7,06bdaf3fa61e4e5b8a56afef47871bd5c72fed31adf4f82bccf7f5101be92fa8,FileHash-SHA256,2024-01-26 14:09:04,,1
06bb9b1c-403f-4dcd-8b92-8c6bcee4207b,073f9e97612e35a57cbb686b7b77a999ca5a8dc0b7ae3428835c0faeae8b1c72,FileHash-SHA256,2024-01-26 14:09:04,,1
584ea068-55cb-48d8-aecf-495e8d237aa8,0797b0dc0d29a2e33ba5a869ae0ee0959f2caaf9ec9fbcce9847fc466a56c2bf,FileHash-SHA256,2024-01-26 14:09:04,,1
dd66f525-d82c-46d0-9b91-699420f7719f,08472499d25a8de32363dc2592ed202c6068205d01d85664fc119743b7594f85,FileHash-SHA256,2024-01-26 14:09:04,,1
55187a36-78a6-4431-874d-5ec5bb9ae191,086f3d3c2fb175e9a935d9391642d83de38563d269e160c30e2c0887252c70a7,FileHash-SHA256,2024-01-26 14:09:04,,1
75ac65d9-73fa-48af-ad1e-8a865e20bcb0,08c29db134121193354760adb14a5e47a43e48a2ba0fc03ef26f4a312894d5d6,FileHash-SHA256,2024-01-26 14:09:04,,1
505ad4b1-6893-4ea9-9aa1-a45195da8d66,091934174460b5eba28e59be40309ea359ede7916463521dacef35cb788ce366,FileHash-SHA256,2024-01-26 14:09:04,,1
f873710e-9fc5-45e8-8db3-8e877a9f8dac,0b42cdbe5f29962e188d804b9b908eb72f5c81a72b38d7bd4ab7f02ced658834,FileHash-SHA256,2024-01-26 14:09:04,,1
a5d35b0c-0de0-4dfa-8c4c-01dc160d25ae,0bb9574ef71f66ff068ba2c705d2561ac4bda57da9052462c56b40f73d3233f7,FileHash-SHA256,2024-01-26 14:09:04,,1
f0255b5c-e7e9-4a4e-8f71-8b7b42de02ac,0c44a13a497a278c147c24c21fd1388a1ff39edeb521820a08d6dcc11697eac8,FileHash-SHA256,2024-01-26 14:09:04,,1
0ecbffab-0103-4171-a523-ac8f127b284d,0d411989de115eaf0cd42b7555b2a09231d39b47123139f79095ef469fb7b0c8,FileHash-SHA256,2024-01-26 14:09:04,,1
5fe51d1a-5979-4599-b098-dd0cc107ea0b,0f3db371acc6ef73fa2bd5cc81530fafe702925714a9ab8e1957d8f8a99d1de8,FileHash-SHA256,2024-01-26 14:09:04,,1
46bbde2a-3a47-4930-a593-d708a0cf6531,0fea5f9955e3173b6c00f0b85d058b2f103fc4c7dc6aaf1274d3fc193a1d7335,FileHash-SHA256,2024-01-26 14:09:04,,1
386b549e-8ba7-46f7-83b5-ef430fdeb6a5,1035de24c9a9c72509e13374069ad358986446dd10b50e9a278831c036449d3b,FileHash-SHA256,2024-01-26 14:09:04,,1
c1389420-f1e9-4253-9eed-a6908d47a4aa,14f5d02254bf4f8405f324593d5e6df82c704e754b678ded4c254cfb7c2037bd,FileHash-SHA256,2024-01-26 14:09:04,,1
025cb60a-a2fd-4626-a573-a7fac3849234,15a98d6fc6b744e94210799fb0dd3fc4de16bd814e1b42ca20eb3938fda9b01d,FileHash-SHA256,2024-01-26 14:09:04,,1
1ff02611-c1ac-4292-8140-cf67e05445a2,161d6c8a3b412ab79f75c801fffb170889b0b8cd59761cd026ed465691efa7bf,FileHash-SHA256,2024-01-26 14:09:04,,1
c2be5a73-760e-4e4c-966d-9e915cf1d161,16c4764b2a77453f87aedf9f22c52acc86761e0685b9088c93006ec812b55df1,FileHash-SHA256,2024-01-26 14:09:04,,1
1b9680e4-fe96-48a0-a02e-a489dc86fe02,16e31014ba26439faccbae91278fd9b05d28d4d58b15bb9c2b65efb3b894b0da,FileHash-SHA256,2024-01-26 14:09:04,,1
4562854a-775c-4d37-bf31-ec99337f0448,1812eb59489dda145ac334da521e9159b521d204070d876f9ece018ef60cc652,FileHash-SHA256,2024-01-26 14:09:04,,1
7a19de89-6682-4817-8bc5-c116f3d86228,193cace7f2228f06cd2c6350f0cea56138eae7b9340e5ff4eb780797ec5d7c21,FileHash-SHA256,2024-01-26 14:09:04,,1
bf563585-6771-4709-95e4-a47a82837056,194b5781ce5f730aa223bb0a1a020048cd1aa4cd77e69be6d6c9898a79c64fbb,FileHash-SHA256,2024-01-26 14:09:04,,1
c31cb766-e1c6-44b4-ad05-70f179a13f5c,19a52cbe986bd94aaf29823cfc8e3726fce8bd38ec2db67e92184405e551bd39,FileHash-SHA256,2024-01-26 14:09:04,,1
b3978fcf-45c3-4486-bad9-a2270801df63,19d868bb567fdbce204bae582f7eb883cfaf9291486ee29e4d97be61d030299f,FileHash-SHA256,2024-01-26 14:09:04,,1
ccad5778-fdf5-4d30-bb77-7f8bf7412804,1b362459f7298c11339bf4954ee02518d1bc5c28de5b2357e5ffa5d6c84dc605,FileHash-SHA256,2024-01-26 14:09:04,,1
3255afbc-f94d-4998-919d-b3e5286a7194,1b7ff3f91f38de7f4b16a40bc0f5e22ba112272f5230d4dac5f52961fd74a08a,FileHash-SHA256,2024-01-26 14:09:04,,1
3a52dc9c-4dc8-4be8-8879-79bb5295f459,1d0af280f63f92e41bdfaff4375bc8f3d2b155095611f311503d641d7536d2d8,FileHash-SHA256,2024-01-26 14:09:04,,1
92537f63-13af-4af8-a7dc-139c246f18de,201fcb237f6e442acb3eb821b6dc9559705dc2836c96a05fcf401c892456458f,FileHash-SHA256,2024-01-26 14:09:04,,1
ad0dfd7c-0234-40d3-8454-4100578e0870,21b891828441e47044f613332c1060e425d2cd9c3447e6b501a7965f5d19d910,FileHash-SHA256,2024-01-26 14:09:04,,1
3a056117-07e9-4c5d-8ac7-8a769912e33e,23956eec15aa1a2cfd02d051510e4af93add9edc6db817f0e074f4bd8989bac4,FileHash-SHA256,2024-01-26 14:09:04,,1
04d3ef2a-b911-4ac0-9c64-3e7b89bfe1b3,24d4e536933a2db4ac469e40fb901a84273d0b44a108e2dda9b8f41beabe1451,FileHash-SHA256,2024-01-26 14:09:04,,1
4696672a-c25e-47d7-8275-6e5f234f3abb,24e377a28c57a00590bfc69d183995508083628e70fb79255eab002e8753c609,FileHash-SHA256,2024-01-26 14:09:04,,1
b7d8bf56-a74c-431a-9538-bb62ae055e74,26e033c1ad2479e9b2d823abc4f67d3e6e8750bf46153a3e65333fc9955ec3f5,FileHash-SHA256,2024-01-26 14:09:04,,1
ec8f76e1-7498-4216-ab42-9c460eca87eb,27a551214b1f2344ec15b9b068940d2cc69cfe469ffb69a1f3d8495238a2ec60,FileHash-SHA256,2024-01-26 14:09:04,,1
9864c908-1739-439a-9049-81074831c251,297cda7e30fcd6ad11bc220836328df28c35a024974b2d12ee0ba6cf15cd61bf,FileHash-SHA256,2024-01-26 14:09:04,,1
6a48cb97-c064-46ab-a846-2bcc91b07a02,29b9ec3d36af3c59f81d3977890672ce0ea08a4461748697754c025d118c8a68,FileHash-SHA256,2024-01-26 14:09:04,,1
f9ce3798-26da-446a-8937-5a9afa4a6c28,29dfa5683ae5b09638c6ebdb899f8d94a24a73fc33b4c3167befb39e4c61a806,FileHash-SHA256,2024-01-26 14:09:04,,1
4ec6525b-61ab-4774-9c83-3a29a31886e2,2a3cea9bdcbf5f44143abae6db3e025a9f0318ff1ed2399d39dfdaddd9296b36,FileHash-SHA256,2024-01-26 14:09:04,,1
9fe32b36-3b30-45a0-9dcf-6581e9239b02,2c0173a8d801c7a80699efb7e8bfbc6371e0b3df2a451ee65ea32ee72ec0990d,FileHash-SHA256,2024-01-26 14:09:04,,1
e53a3444-29d8-4166-89c3-7246b54c4255,2c0cff0ecffecf245b8a983e971ecb7055bda948c6c2445dd77b2738975f1ff0,FileHash-SHA256,2024-01-26 14:09:04,,1
091e6bbc-3461-4ff6-8094-dbbe76b80206,2c40eba4ff439b1f82e4823b09708ad1dca5852e375a30ee0b7412d6594c9b7c,FileHash-SHA256,2024-01-26 14:09:04,,1
53cb2a6f-f928-4203-ba86-44714dbf13be,2c44d4b8f67649146ad188b72dd09fe16a5f7fae4fb3f8fb82d30b3ca2be61c0,FileHash-SHA256,2024-01-26 14:09:04,,1
2ee19489-b84a-4bb1-b50d-aca6dae66b45,2cdc3d00b937d1ac46a6383b6e90e4edcb829f1af88d56faffef6583c943427a,FileHash-SHA256,2024-01-26 14:09:04,,1
e38dbc5a-4146-408f-ba38-6652e936a047,2dd739e2e6084297095d40dadb7c7f2cb51bbd6e48e009edb49e2cef74dfe380,FileHash-SHA256,2024-01-26 14:09:04,,1
e4a06ed4-fbc7-4771-a419-e975e22593d3,3051b9d5858848eadd8fc6d102cdfe1adffb173d03143f3a773873c549391993,FileHash-SHA256,2024-01-26 14:09:04,,1
ae63b641-a6cb-46a0-9013-b6c6a1955f09,32107f19413c9093113956b3ffe5b9141475b4e7b9136e996b1e66b761ef3837,FileHash-SHA256,2024-01-26 14:09:04,,1
d0006cbe-37ef-45d6-aa71-24b1cdc470eb,32d3a20012fd03d861eadee9a67eb6b90fb17b44d1873fc48e22786edcd7d6d3,FileHash-SHA256,2024-01-26 14:09:04,,1
0ea6f454-dab5-4d19-88fa-cf1d27bf7de2,348244235a53913594cbec85c10ef8a26e7f14ee5298b3314a8770e8e858d050,FileHash-SHA256,2024-01-26 14:09:04,,1
76465298-7a15-4788-b7d3-0a5b6907aa76,353d3e66e504ecac98080508549a706653d049190a3d964b2fd75b6ed71327f3,FileHash-SHA256,2024-01-26 14:09:04,,1
84b10ed5-953d-4619-a548-9b368b663ff3,3794388b1be45815fd9a19405890846fd06d378259dad09a91419e4d615f5a1a,FileHash-SHA256,2024-01-26 14:09:04,,1
46c8823d-9b83-4f71-b7ef-5c3d23f93c9c,37fde4063bdfe1b26e26989a5e827aa62092eedfe66f13ad2fa9e9d20b3b6bef,FileHash-SHA256,2024-01-26 14:09:04,,1
3a9af470-8133-4f02-a24b-2f7bfa183c26,3993aa1a1cf9ba37316db59a6ef67b15ef0f49fcd79cf2420989b9e4a19ffc2a,FileHash-SHA256,2024-01-26 14:09:04,,1
8710445e-fc10-4699-b19a-bbdf60374f46,39cafd35c57ae283f0ab76a714ef29d01903835eef2ff450057e29b10dbf4312,FileHash-SHA256,2024-01-26 14:09:04,,1
b157d169-4ca6-4cf5-9480-2c3d93c506cf,3ac129aa7d3c8850916b8191b2e3a13447e8f2d24bc70379db3c33280d95eda8,FileHash-SHA256,2024-01-26 14:09:04,,1
52943904-19dd-4777-b3ec-dc09a779a71d,3b582b45a5778ae491f4c811a7de007b8decda0f8172eefd77bb68a7eb3e2960,FileHash-SHA256,2024-01-26 14:09:04,,1
d9d48c03-d254-46f6-a3dd-abd175abbaa5,3d42d664dbc2c5ce47ff2df3d793228786d192cf2c477d75adc7f010a6429b65,FileHash-SHA256,2024-01-26 14:09:04,,1
62cd920d-2d81-420d-ba50-feb58b021b69,40bb2bfc6efe879492089df8659795cfea70974a25feeec247bc44408af94826,FileHash-SHA256,2024-01-26 14:09:04,,1
a71ff755-7e76-480f-b4c0-25aa13174b61,42e4ee2090e1281545e41af894bd438327524e542f3ff39bcf7488307e76e68f,FileHash-SHA256,2024-01-26 14:09:04,,1
6f4f4a3c-8e49-41c9-92c2-49f844bdc440,47ca498fbecfa37c36194b4bd299a3c5e8de28176c11409acbbed2304f7d6a89,FileHash-SHA256,2024-01-26 14:09:04,,1
1b7fff5c-7d35-4fee-914e-b2aca90a9290,4ae91b898d4a5dd1299f140b4d4a0a4a4b127f46a3e34ce2031df50824019b4c,FileHash-SHA256,2024-01-26 14:09:04,,1
144977dc-da1e-40fb-bb61-08521d4103cf,4afc795e6a828cc8db5b7be3f9d632e7c40bb29064c86edaff8783dcd298d5ce,FileHash-SHA256,2024-01-26 14:09:04,,1
431c3bfa-8c4e-4c81-a481-f446821f3534,4b1e5c2f7c8258578ae9e27ae2d9789fcaa895f3c217f2f98821d71f0f810a4d,FileHash-SHA256,2024-01-26 14:09:04,,1
ca914415-e096-44c4-8bcf-f68a683f6003,4b89c739787bce7ec616369523bf6de54e2297df703c36d2513c43e798ddbb04,FileHash-SHA256,2024-01-26 14:09:04,,1
f4afc509-9022-4e3c-ba52-65719e38cad0,4e4abd7240d7a78d086b0d6256ae969be4011cec7b9f53d886771a4bc2bcd206,FileHash-SHA256,2024-01-26 14:09:04,,1
607b554f-6c1c-416f-b699-26f1539745df,4f7e3281a94d1db4d397040fcf20a21e6ae0c3119ae489b51c4de794985577bf,FileHash-SHA256,2024-01-26 14:09:04,,1
8ebc28eb-42f0-4540-bada-8e2e4fe952bf,4fb7928a9905b8a023fa4dc68fc348acb8206b0cb6e77accfc68b525a0a62807,FileHash-SHA256,2024-01-26 14:09:04,,1
bdbc6107-409d-47e1-8de8-fd7f88aed8e7,51999e0836dfc8c458be9f18c48c240d0a9107b6f13fedb74dc496566a5e84e6,FileHash-SHA256,2024-01-26 14:09:04,,1
1bcc8c92-6577-4bb0-94f3-907eb0ab8c25,548657d50db929ec2ee6e3cb78409aa391500a4b3e5248f6a6134317c47b489c,FileHash-SHA256,2024-01-26 14:09:04,,1
d8f1150c-17b7-4d4b-97f9-55a3bd192178,54cecc78791ac138426660e04901d21457badf611601d479f90e9386e981f36e,FileHash-SHA256,2024-01-26 14:09:04,,1
e06a4dcb-80f3-4283-8609-cb610497963d,55463123d49866d1dccec5006ad5d6866cb6f96c468b989a5c14853704341469,FileHash-SHA256,2024-01-26 14:09:04,,1
00111ab7-5d1e-4660-a33d-f965d177ec57,58c40d074e0c2d03d045925964727c94274df8cfcfed73fa44eb0a14c4b57ac1,FileHash-SHA256,2024-01-26 14:09:04,,1
24e8b54a-360d-4a53-86c5-dc1bbd2d562e,59bbbd6c9898fd2ea05d748302023c116dfe1c277d4f19415ca2f5426427a7ef,FileHash-SHA256,2024-01-26 14:09:04,,1
ae99659d-6f9e-4d6e-b701-c15818cf1317,59fabda88b208441c2b1bd0ba2f0b3be0122dcb3be418c5cda66bbeb1cd8d66c,FileHash-SHA256,2024-01-26 14:09:04,,1
7a420bab-273b-4c7d-840f-7e603744c57f,5de4e2b07a26102fe527606ce5da1d5a4b938967c9d380a3c5fe86e2e34aaaf1,FileHash-SHA256,2024-01-26 14:09:04,,1
682aba79-9da6-429f-8af3-d72ca823a2ab,5f7e9322291e57ad45302ba5ca02b670edbedbbecdef94b169a7f663569135f2,FileHash-SHA256,2024-01-26 14:09:04,,1
01e64fd1-52e7-4614-800e-69c3de69e583,62087631288ec94e599b9c3c31e85e4b2d14df32ac5e9e08ca8c8c4a22e402c3,FileHash-SHA256,2024-01-26 14:09:04,,1
b570320b-ae16-437e-b855-5e65f2daada6,630b6a429518b4c81ccf0c54e1fbbe2f6fa0d4caa811ff131d7eee4c6a0d4cb0,FileHash-SHA256,2024-01-26 14:09:04,,1
f57e0aed-0d75-4b33-a10e-a936ab1f2b75,6a09ae0ac4cca80cfd71d7494749a78f78bfd0569f7af57357b4494a1d76c877,FileHash-SHA256,2024-01-26 14:09:04,,1
f2e2df09-579e-49d0-9e22-bc5ec5685a8c,6cc6cb69f76f824757cd13d7333ccaa4c9052bf059fef9bdab2755809daf0d73,FileHash-SHA256,2024-01-26 14:09:04,,1
5b9cb1ca-bcec-44ce-a954-cb3ddd52c60c,6d36cf5ddea3ab6df40e68acc374bc2b0f64ece6961ac4a2b22a903df7dd51a5,FileHash-SHA256,2024-01-26 14:09:04,,1
bb676309-8e4c-4dc3-9b18-d38434079120,6d36f28697c3a06731cb3f24fe393be5329c24ffaec1fd0315fef2868f17d47b,FileHash-SHA256,2024-01-26 14:09:04,,1
4c6ff93c-c8b3-46f8-9891-889b0bf9a41c,6d4766b42491cab69c2c10481d96f4ac46023f5d9b378d42b730441472d54063,FileHash-SHA256,2024-01-26 14:09:04,,1
129911ea-74bb-4067-8ed6-219b00c45413,6e34419f2d7503e685dde1febd45187ad995fa7086947e08055951049294e758,FileHash-SHA256,2024-01-26 14:09:04,,1
c51bed37-40d6-4501-a0d8-f6073595acde,716ea88eb85f9c744b788b285a58504a9d99f818f45bf9fabc837d3f918e8c7d,FileHash-SHA256,2024-01-26 14:09:04,,1
3c050925-ab74-41a7-8ade-f040c1c4d855,72c734c7bfcbc1077912550d6aa2f41b310a996e5d761818ad7c465ba9db8b6b,FileHash-SHA256,2024-01-26 14:09:04,,1
88aa8fb5-0dc9-4d50-a176-d2fdc3f8b103,730bbe9bd13c96d93f0d7f81cccb8ffdb46679203502eb48853c63bbbdc803b9,FileHash-SHA256,2024-01-26 14:09:04,,1
bb0f4519-6243-449e-ae23-e285aeaebbc2,74e9d2de155c30fade9d8bf80858dd4f917c947df7caf0848908303050a7f3ca,FileHash-SHA256,2024-01-26 14:09:04,,1
c00a212b-84df-49b5-92c7-d6fa84ad1016,778bd69af403df3c4e074c31b3850d71bf0e64524bea4272a802ca9520b379dd,FileHash-SHA256,2024-01-26 14:09:04,,1
ad2991a4-acfe-42e6-bef5-00069d883c1f,78ae2fb3e6740b1d9c71817980e0ab9adbef1709b3d0f1a9315f53add4b54684,FileHash-SHA256,2024-01-26 14:09:04,,1
7896f037-858a-4e60-a7f0-a53695e1a9da,78f127277756ae464f4eb665ce214cb6315746f6f4193e95b31f18f4b3e97527,FileHash-SHA256,2024-01-26 14:09:04,,1
f57abbaf-ac6d-44f3-8180-24ebe465a87e,7a4f5834bbabf443d0f5b184a0221e382bd5d455ee0d458cdbb999a776e6480d,FileHash-SHA256,2024-01-26 14:09:04,,1
032c78c1-f97a-4137-90e7-b59fd6c7823d,7bc980617368d55bab7d0e70d7d3ae2e4a490c0b4d3e6011144add79ac911e44,FileHash-SHA256,2024-01-26 14:09:04,,1
ed40462b-b6f6-48fd-9a5b-8525b424d892,7d4809862a85a0422be955e6344eaabe04a7990f17652d850396eb79f65c7d58,FileHash-SHA256,2024-01-26 14:09:04,,1
fbf21c7c-46b8-4bb4-8f47-4f50715774e8,7eabdf8d90afaa6d344c41991cbc0f79df9d24d887c499e91538bc8042358c37,FileHash-SHA256,2024-01-26 14:09:04,,1
8d7aa90b-b8be-4908-8959-3dc3382278a1,8027913b94dea217a22a510e08a1d42fc8acb7b17f94acf8e783bbe52e749208,FileHash-SHA256,2024-01-26 14:09:04,,1
83521eba-3d2a-43ef-a7c5-c944c60f4f21,81d75b6d31c7966a7424423dee4cee88edcc33be7d19a8e43b51770da1edb42a,FileHash-SHA256,2024-01-26 14:09:04,,1
b381e04e-9c42-4087-979c-ae0e1c1755fb,8628d8074a707b4b98bf5efb2dfa43eb93662063d0dc1233db4e719b3c3f17ad,FileHash-SHA256,2024-01-26 14:09:04,,1
b3de481f-b1a3-41a4-b06b-8c4360a25bb8,8c1e90642dec265cf08c67021bf22130fc38c3e3907083576462e73cbd02615a,FileHash-SHA256,2024-01-26 14:09:04,,1
1be1cc46-c7c2-4910-b091-ca6938e55d3c,8c54d09ad27c67d9584a155a8f5f8e736324a78531c5cca1a26f4fea15de3b1a,FileHash-SHA256,2024-01-26 14:09:04,,1
518b62b0-cb2d-40e1-8c1c-cf5e6e04091f,8cea96ca70bd3658cf9d150c7b1e9e15361151c6df75de9790ad67ec1fef7a7f,FileHash-SHA256,2024-01-26 14:09:04,,1
832527c6-69fb-4e1f-a5ab-bcbf082be532,8e9bfc6d2e1f04e42f9e193956e1a8c16f1969eb24149547c50878b977700a87,FileHash-SHA256,2024-01-26 14:09:04,,1
a3ac6f54-63d0-474a-9dbc-f9c578b542a8,904f16d281d0abeb268c1628211a0f3f9cc6666b7fa661dd2203a9b2cd1452cd,FileHash-SHA256,2024-01-26 14:09:04,,1
9b3ee978-ea66-4719-b09e-d4eba5d4c19d,90e6ebc879283382d8b62679351ee7e1aaf7e79c23dd1e462e840838feaa5e69,FileHash-SHA256,2024-01-26 14:09:04,,1
d7a36e18-f12d-4b30-b67b-31d851ba2322,91ea53a4d29f4927b9efe40e1f7f5fcede8304255f2ba8b5f8956ceb04fea22b,FileHash-SHA256,2024-01-26 14:09:04,,1
35c47d93-96d0-4f49-afaa-a197b70c07f3,928f47a539b2f7e35b71d32521319c3ab5655321250da165d2a249a0670d556c,FileHash-SHA256,2024-01-26 14:09:04,,1
2d2bf158-856e-4914-9d13-ebafb37dd820,95085f9b311afcb68d9818ddba321931383185de04865ee1e846c19c1d4d4d37,FileHash-SHA256,2024-01-26 14:09:04,,1
130c88b9-9f4d-437f-a486-5ece1b2c9757,96bcec06264976f37460779acf28c5a7cfe8a3c0aae11a8ffcee05c0bddf08c6,FileHash-SHA256,2024-01-26 14:09:04,,1
4054969a-e274-4c3c-aece-7ed50bb55878,97cf0328a75c24f955b264a31457b3dfe231f2e5e5ddc157b9ea6db81748fd15,FileHash-SHA256,2024-01-26 14:09:04,,1
9f27c6aa-a808-464f-b236-e1c275814534,985847dacfa75d6b750f6393e063208048931855bf08ccdac43bb404e070ea6d,FileHash-SHA256,2024-01-26 14:09:04,,1
fb4272bf-abea-40a1-8d0a-1942c81f4aa9,993e11feafeda422cb94675956181293de2dbcb86b2591f7b04444d9bc6a2eba,FileHash-SHA256,2024-01-26 14:09:04,,1
9bcfae9a-cb6f-47e2-a46e-7eae2fdbad4d,9a88073380b7c71b3ac05834587337ae4a311eab54cea5a8f6c513d284eeb63c,FileHash-SHA256,2024-01-26 14:09:04,,1
1c261b4e-2ef7-4b27-abad-0dcbece06ba5,9b547fe6059263873434b4fc8b93e86a94aa3e5aa2d71d1c8eaefcd3c2b12ece,FileHash-SHA256,2024-01-26 14:09:04,,1
0ff83e61-8eb9-4caf-a3c3-dc7c13604c44,9bbc3e471e246883260de414e4aaab06209680c49e8c38900ebae14a365071b9,FileHash-SHA256,2024-01-26 14:09:04,,1
eba8447f-ab47-446a-85c1-955d13dc6221,9c1b3df5172d6d6cac0a7d5c683145b60b1f9a4ba0eecb783631dae8746cb434,FileHash-SHA256,2024-01-26 14:09:04,,1
247d2a76-ce1c-4173-952f-8f1c1c3e4dde,9c30149c63dfa9c5d1f333da01a4c5ea3eae4dd0bbb54b6addf1cd309ca75ff1,FileHash-SHA256,2024-01-26 14:09:04,,1
37f10b42-b682-4ef6-8d96-a53bf23278d4,9f1e22a2eab0f13a63eeb0bbb9af1f7d36f7ff89b93062e4c225b3655e735b33,FileHash-SHA256,2024-01-26 14:09:04,,1
bae4376e-e958-4096-a39c-d9be94509865,a06aba6d18f61e6304d7e200ae1f11ced7743e3830fdcc3e8123cee36f99ae80,FileHash-SHA256,2024-01-26 14:09:04,,1
a11945ae-a2de-467b-97e9-dc339d77e132,a63b68be860c5be9494ac11c1858e25a2bc3b00ad3d65ee8ca931fa6b283b9cc,FileHash-SHA256,2024-01-26 14:09:04,,1
75888042-3bfe-418e-b5eb-37b62713b0ac,aef026bbbac52d95340d4b948e972c1ae2f02d4bf7f14afc7c7d6adcadabf520,FileHash-SHA256,2024-01-26 14:09:04,,1
ad521e23-47df-4532-99f1-9213dca77dfa,afef4358ace1e3ae4e040d8507798d8dd2ffaf3f882ea4013d553fd4bd88981d,FileHash-SHA256,2024-01-26 14:09:04,,1
44e0923a-b917-4d3c-b6ea-ee5b2473156e,b033b4513bb83c8663991e1cdca26a591315ebb83379261e645a4158f788aefe,FileHash-SHA256,2024-01-26 14:09:04,,1
1f12ad65-cab9-49e2-ab61-63c035c4256f,b0499eb6bef276af5e98726f6476ad2a09fa0a792e430be776811890b0a9e4b1,FileHash-SHA256,2024-01-26 14:09:04,,1
ce172085-6c44-4eec-8e9a-a934b934de35,b0ed82b208cd5298fa8071e71d66b0fcb3ef3127ce0e2a87210aba34ed6d2ada,FileHash-SHA256,2024-01-26 14:09:04,,1
cf740a37-4309-46b2-8b23-76a8fb669985,b2179e07110a924fc5f80bb92249b1a7e56d33f4946543cc8b80945b674fc5ea,FileHash-SHA256,2024-01-26 14:09:04,,1
b6c800b3-7e08-4d57-9b3e-4e5af11c1f16,b3305de313c46429951e56c0bde5bb2f003053ad008e040bb218f621da174e71,FileHash-SHA256,2024-01-26 14:09:04,,1
42d2a7c4-48a5-477b-8d78-9871cb3d0177,b3d2889f1970371cc02a08122de93a02a371a9457b424495d22279736db6783a,FileHash-SHA256,2024-01-26 14:09:04,,1
068a1844-4f85-4f80-8b90-80c5682683ea,b8a7a5c061fb4ab38ac1090b91c32d434160db416e1f689d485c540e2385b0f2,FileHash-SHA256,2024-01-26 14:09:04,,1
e49de923-c798-4089-8f8f-fc3ba87a4838,bcf12eb6035617567b2e3d1c28e55bbd4a6ecefa19a835cab0efbaa5587ae2ec,FileHash-SHA256,2024-01-26 14:09:04,,1
bd64965d-b874-4fda-a71e-d6afc90dc265,bd4814152842a234dcc3bd53625d8cde0867e50cf66ed5ec29dfb973b3d75c2b,FileHash-SHA256,2024-01-26 14:09:04,,1
ec7405ba-0d1a-4df6-ac3b-a42f747dd832,bf1e801b8c95b32e7d46a6fb30b6ddbece637fb79b7fef2baa245aec031cb137,FileHash-SHA256,2024-01-26 14:09:04,,1
23800020-15c4-4c4c-89ed-43d7f3651fb1,bf9c1ff640acc8bb5441a9b564360943f9db90969742aa33a36329b2828d2759,FileHash-SHA256,2024-01-26 14:09:04,,1
9b35fca1-cbcb-4652-b801-524de5232558,bfaf162f9a3e4d44f69ef216fb889ea0a3f1b3d6029ce8fe94fa52b7c97fac2e,FileHash-SHA256,2024-01-26 14:09:04,,1
5dbc623c-0afe-4b55-8b36-81deddfa8b9d,c23095862c7f97dc0c7752e0090ce3b9cad3ba331f1a9debc0d75150c4024c29,FileHash-SHA256,2024-01-26 14:09:04,,1
14d484ec-1495-4a2c-874f-3308847e0a64,c24de5695a67f26e8e1a2770f7a62f82d1aae59a68c498412bf7986beeb7d84b,FileHash-SHA256,2024-01-26 14:09:04,,1
bb7a5b11-3f71-42d0-ba2e-fb7b365b017c,c2a900845b642ee1557e88ae5a68ce099fa83bf0f3f15d2d6617cfe4cb725881,FileHash-SHA256,2024-01-26 14:09:04,,1
41ca48ed-4a10-467e-a9e3-718de34e9c03,c566ce9db37403a41a2cbbb56b469a5cac7b9194e4d9eee38498b780ccb8e583,FileHash-SHA256,2024-01-26 14:09:04,,1
df9adb9c-c48e-49dd-b4b2-5cb5ed9b94f1,c58a297d8406fe1a306e638d95b6a5931c84478cc0a7df74cc3aa835fcaff2d1,FileHash-SHA256,2024-01-26 14:09:04,,1
15bae828-0425-4d4c-bde8-bdd6c2e23a50,c925c21fc5c6f9b18e7b0095c84aa24d032767028d83fe711de068baae895150,FileHash-SHA256,2024-01-26 14:09:04,,1
a9b93e18-a09f-42ba-ab71-872de6aed369,ca0f113fa1114b2d17fd75f1151ebe9fd48a5a15af877e4dd7366e4b2cafe1fd,FileHash-SHA256,2024-01-26 14:09:04,,1
91a69dd1-2510-4268-8574-da8709c6dfd1,cbe7a4574a0accfb6718deccc60886b163d9bb25c45cecdc87f5349fca52954d,FileHash-SHA256,2024-01-26 14:09:04,,1
2fc941a4-adbe-4e68-b980-57d1b4da0f2a,ce1ff5dcad8918f2ca9dde7ae5a30c94d9f7faa12d16c576274dc5423244068d,FileHash-SHA256,2024-01-26 14:09:04,,1
4ba013f3-23ca-4693-9093-d2822331b5dc,d536d54c3244c84a9e1dfa7138286d4f0eaf62d401fda6dba0838868f5d8c881,FileHash-SHA256,2024-01-26 14:09:04,,1
f1177110-bfd2-4097-965f-dd876edf77d4,d59f28a8fa575cede9a00edc7519621536f39269c05be22ab8c5c2bac094656c,FileHash-SHA256,2024-01-26 14:09:04,,1
1dd818ab-d77c-441c-bf4e-25fe58a881c5,d60794d06e207d846dcae77ef8c5909818ae0fca69c83f9a17288974e6c0d85f,FileHash-SHA256,2024-01-26 14:09:04,,1
0a28aabe-3f32-42ee-8028-07cb6291d0cb,d64ad3ef80b9b6ddc139ae20cdec8ae8183db0463d377ba45d22d9c3a90511b7,FileHash-SHA256,2024-01-26 14:09:04,,1
f55afda5-6170-45ff-bcad-0d962161ca5e,d7f628fad8fcfb3282f70cf184fd3077c194e1a9beb7632adfef5323ddc045fa,FileHash-SHA256,2024-01-26 14:09:04,,1
57f859b7-f98c-41b1-a841-7a700e40c33f,d8593a845611b9970fc0cb181fdb99223da57bbc348023e2d6e62b2fa1d0eede,FileHash-SHA256,2024-01-26 14:09:04,,1
4a70bbfd-bf6d-4927-acf4-369425c5d5f0,d8a0c51e6fe6468b7dd43c8d2cd7ec4e397dfc62f196a6b43ff8a7de422a5917,FileHash-SHA256,2024-01-26 14:09:04,,1
d607f99d-29fb-45ed-a0f5-cee61afeab23,dc554258ed140fbaa0920d5cd4315f1fb090ef8662d38e0e3bf14fdfbdc56db5,FileHash-SHA256,2024-01-26 14:09:04,,1
3316aafb-b48c-4b56-94ac-64406915e6a5,ddf4d386db13a314f1d2eb3a71f79731277c9eef09067c6283fd7695aba2f541,FileHash-SHA256,2024-01-26 14:09:04,,1
43c2e0b1-850c-43b7-9e83-d290c80ea073,de4ecaefde6288b3f0d3d5b17ba2f87ce12a4a9cdbc810042b620b1aeaa2b2fb,FileHash-SHA256,2024-01-26 14:09:04,,1
63cd150b-53f6-4343-ac08-36b22e964037,dec80871209f6baf198dae1d5d129ead6c436c3ed78fb890d06ef984d96ae995,FileHash-SHA256,2024-01-26 14:09:04,,1
ef23dc9c-f9c5-4d35-9dee-ceb3a2923fcd,df53288c4c7f82c46ee365cd11a3f2c9287560d5dd75505ed5cd29a2a0382db7,FileHash-SHA256,2024-01-26 14:09:04,,1
a13cfc20-281d-4515-a3b0-abbd615af0d8,e1a8bf080d5086debc12b760f5f9e764bc4dd5651fcc282665eecf08ee3c2321,FileHash-SHA256,2024-01-26 14:09:04,,1
eaead275-a393-46fe-a5dc-cdd485b107dc,e4f513cc83357fd92a5a060c83c16219b9d24993fec6c1c728b6e38778c522e4,FileHash-SHA256,2024-01-26 14:09:04,,1
f34df03e-ba89-4e35-99a8-7bf6d061cf46,e554db189b5d944ef0e6f98ee0e4e8c75f69e95315dc9f4ae0c616a8756a2ba4,FileHash-SHA256,2024-01-26 14:09:04,,1
b8bbbcc2-311a-40a3-9e0d-0282b3fc0e71,e58e054a451ad7cafd3538dde6cc41bbb8ae032cae908dd1e5e1f62a6fe6670a,FileHash-SHA256,2024-01-26 14:09:04,,1
851943d7-13f8-48a2-8555-de2b0fd18ca5,e7958cabdf444ba77bdc908fc80405569b895590baeb14d1d1b1f1f3646d046d,FileHash-SHA256,2024-01-26 14:09:04,,1
4849e7e2-93a6-46f8-aa68-540c7ff0a506,e8cacc241bc447a7e8db75dd586b97089dbc52de713c42f1527aaaf7130498cd,FileHash-SHA256,2024-01-26 14:09:04,,1
6b2cebcd-5562-42e2-9e07-c083a15f802d,e9c2378bde82c3b35bbe3c794dd3b90eaf658455e9a25900866d87c4f1d1fa97,FileHash-SHA256,2024-01-26 14:09:04,,1
01be4b3a-6e9f-4c46-a0d9-c4eb5ad27f6a,eb16899ba24386af7770aabd878a7c400bf97e08ecd1084adb56e5a24b24cab2,FileHash-SHA256,2024-01-26 14:09:04,,1
8f3cf877-7201-4123-a97c-884190fbcae6,ed83716f89c40aed72c5574fd787a99e03cd81fe08340b4b6d5bbe98c5d71486,FileHash-SHA256,2024-01-26 14:09:04,,1
a9cd428b-32a5-4add-91c6-549ab2845aca,ee33e735b24242407ca9c3987a544af8344ce33b5493443260a25f5bf92eaed2,FileHash-SHA256,2024-01-26 14:09:04,,1
2ebd8d8f-9a0c-4bdb-9150-27e5488a896d,f449c9d0c0e02d48b3b4d20ef542617295bdf69fe0946045854710023395e06d,FileHash-SHA256,2024-01-26 14:09:04,,1
c6beec6f-193b-4e10-bfc2-5265d000e6bb,f5554ccbed38c47b01ceba45540c28e7969d6ac3f2bf4be3667d5338db3e1532,FileHash-SHA256,2024-01-26 14:09:04,,1
a1364f3b-6474-43cc-89f1-456486bfc1f6,f5ebb3d003c7eb20a552e337c9f6a4fcf45ec2b8dc739bea01c9096fb6306ba7,FileHash-SHA256,2024-01-26 14:09:04,,1
93e92526-12d0-473f-bc52-818cbb6642c0,f634dcb1fd568b61e951a434d6e0d4431d6cdb00455933573ff4c4472e2868bd,FileHash-SHA256,2024-01-26 14:09:04,,1
29a665cb-7f6d-4e4c-92fe-1eb6db5fb876,f71418041fc0f1d785e6d533b43f794f7281e6da18b8795f060b74bdbfd1c4da,FileHash-SHA256,2024-01-26 14:09:04,,1
f1028725-804d-4e82-a5fa-768a410d33aa,f8e1247b580d0676889576ec8eba3263b5a98e3a8ef001c414051dc487cba490,FileHash-SHA256,2024-01-26 14:09:04,,1
a11a03af-a460-4368-baed-2b1554327591,fb9e7d066eddaca784c1b0fc9a6ea0dfe6d0a08922b1790078959050d43cc674,FileHash-SHA256,2024-01-26 14:09:04,,1
da97a83c-cef9-4ce3-a5a3-373042d06478,2fmc.rockylinux.si,hostname,2024-01-26 14:09:04,,1
0be859a8-ece3-48e0-bd28-692e30d8a6f7,3ea7bee9-9dca-4194-8f45-27194734e71a.uuid.dg2sz7pxs7llf2t25fsbutlvvrjij4pmojugn75cmxnvoshmju6dzcad.onion,hostname,2024-01-26 14:09:04,,1
214032c7-6463-4446-8d26-e56377c4b5a2,4bacf724-e97a-40fe-99de-0e56f4c6de33.uuid.dg2sz7pxs7llf2t25fsbutlvvrjij4pmojugn75cmxnvoshmju6dzcad.onion,hostname,2024-01-26 14:09:04,,1
78688f8e-61fb-46ea-97c9-603b111f47ae,82.250.63.168.in-addr.arpa,hostname,2024-01-26 14:09:04,,1
b3ccc2f6-5c9d-451f-b65f-8fed3f692eac,844c3975-5c5d-412e-9605-2f237077ff86.ninhaine.com,hostname,2024-01-26 14:09:04,,1
03e1fbe3-c714-410f-a5a5-f17dc6d980cb,api.haozhuma.com,hostname,2024-01-26 14:09:04,,1
692a56fd-8bc4-493c-9cd0-da4932056359,api.playit.gg,hostname,2024-01-26 14:09:04,,1
1599441e-8e9e-444e-8c2a-f2e4020f19b3,btc.xskyx.net,hostname,2024-01-26 14:09:04,,1
190d8ea3-9b54-43f7-80fe-ec920043db86,d19f5227-70dd-4d2c-a01b-1b7808b34db3.ninhaine.com,hostname,2024-01-26 14:09:04,,1
cfca991d-1157-4b0f-bbaf-1ef6f1422820,dragon085.startdedicated.de,hostname,2024-01-26 14:09:04,,1
8c8a9859-225d-45d8-8a9d-ada9fd401619,electrum.blockstream.info,hostname,2024-01-26 14:09:04,,1
452b7a5c-195b-4646-b1ab-25cddcbf7f8a,electrum.emzy.de,hostname,2024-01-26 14:09:04,,1
2e4f1e20-de39-4795-afa1-b384a7448400,electrum.mindspot.org,hostname,2024-01-26 14:09:04,,1
cdbf8182-7a4e-496f-8367-cb820959327d,electrum.taborsky.cz,hostname,2024-01-26 14:09:04,,1
385218d7-f325-4c72-b132-e260b2a2f20e,electrum2.eff.ro,hostname,2024-01-26 14:09:04,,1
24025e4f-65d4-4dd9-a63c-71d00632f2e2,electrumx.bot.nu,hostname,2024-01-26 14:09:04,,1
0e6d5749-2392-429a-9bc9-c523a7c26579,server16.ninhaine.com,hostname,2024-01-26 14:09:04,,1
12d22975-f673-4a48-9dbe-ab3636c974d2,server6.ninhaine.com,hostname,2024-01-26 14:09:04,,1
803b3f44-077e-48f9-8314-74ab94617f2f,work.a-poster.info,hostname,2024-01-26 14:09:04,,1
93d954a3-b57e-4559-a7df-2ce066510699,www.almavision.almavision.com,hostname,2024-01-26 14:09:04,,1
4b12f9f9-7b3e-400e-b52e-1a132b0be7ba,www.cozypoker.net,hostname,2024-01-26 14:09:04,,1
09d77045-a560-4e60-9907-ec1241a45edf,xred.mooo.com,hostname,2024-01-26 14:09:04,,1
6c765ec5-873f-4221-a72b-11201820a8a5,000onedrive.live.com,hostname,2024-01-26 14:09:04,,1
7e2b4616-878d-45fb-9fee-aaaf783cc370,0015.live.com,hostname,2024-01-26 14:09:04,,1
a8e7b4cb-3a29-4bd3-8af1-e42b3b69eab4,00192837spaces.live.com,hostname,2024-01-26 14:09:04,,1
77456e1f-c2a7-4222-9cfb-c9eb463dff54,021onedrive.live.com,hostname,2024-01-26 14:09:04,,1
864ad0a8-7289-4ec5-8f16-95b956bca139,02foutlook.live.com,hostname,2024-01-26 14:09:04,,1
6863dd8d-ae85-4301-a504-740ceb68ce96,03169844261517976691.live.com,hostname,2024-01-26 14:09:04,,1
c964a009-96e3-45ad-8c5c-613662421c00,0423808888.live.com,hostname,2024-01-26 14:09:04,,1
ed0f51b9-795c-4915-aecf-8f1fd702c591,0586906.live.com,hostname,2024-01-26 14:09:04,,1
98a50f22-34b7-42c0-adf6-1895fff31abc,06087364238549395743.live.com,hostname,2024-01-26 14:09:04,,1
ec899ee4-067e-410e-a6f6-19d1b4f8e10d,080c5b3942.live.com,hostname,2024-01-26 14:09:04,,1
b970a8cb-f03f-455e-ae63-feaf74d14fca,0alogin.live.com,hostname,2024-01-26 14:09:04,,1
7b6953da-1b79-46ac-ba98-99fa1e17eb08,0appocvroyjtv5y2airajdunie.live.com,hostname,2024-01-26 14:09:04,,1
9e80655d-de88-41e6-9d41-5b181273aabe,0ebqj3hq0124p2r40kricxwdrf.live.com,hostname,2024-01-26 14:09:04,,1
19faab20-1e7a-41ee-9f7d-17a04916f8a4,0nedrive.live.com,hostname,2024-01-26 14:09:04,,1
5996bf5b-3161-48f9-a855-53c8ce52059b,0ut100k.live.com,hostname,2024-01-26 14:09:04,,1
88bc7850-6e26-4242-ba8e-7c3a00173f63,0utio0k.live.com,hostname,2024-01-26 14:09:04,,1
10cc1f8b-c6e9-47d9-b42b-9a65a7f31b0c,0utl00k.live.com,hostname,2024-01-26 14:09:04,,1
f32d126e-2ae9-4a00-adb3-1f0f6c74de2e,0utl0ok.live.com,hostname,2024-01-26 14:09:04,,1
69f4c873-e5b1-4e9a-b211-1f3d0801c675,0utlo0k.live.com,hostname,2024-01-26 14:09:04,,1
a1ea07bb-4cee-4684-bfec-222487bbc981,0utloo0k.live.com,hostname,2024-01-26 14:09:04,,1
ef45d730-a5f8-4010-9f3f-33a145ad806c,154.210.82.20.in-addr.arpa,hostname,2024-01-26 14:09:04,,1
7b7eff48-f123-4a58-a809-f0cac66477da,api.login.live.com,hostname,2024-01-26 14:09:04,,1
45945d78-e6aa-465e-bdd3-d4208c3b7ad8,api.steampowered.com,hostname,2024-01-26 14:09:04,,1
46dab77f-0534-4a1c-a421-beb484087c58,armmf.adobe.com,hostname,2024-01-26 14:09:04,,1
94ff8958-ae06-4926-8c21-9f7a83fdbaba,bl2-main.login.live.com,hostname,2024-01-26 14:09:04,,1
e9f3d991-e700-4972-8cc5-7c65fe7b6e0a,cdn.discordapp.com,hostname,2024-01-26 14:09:04,,1
a80179e1-9155-4174-9b14-64538d353ecd,ctldl.windowsupdate.com,hostname,2024-01-26 14:09:04,,1
fac537a4-57cb-4fa5-a10a-93e76f12ef3f,dev.login.live.com,hostname,2024-01-26 14:09:04,,1
2ccedfea-80b8-4b56-a770-23b9b01cc77f,dns.msftncsi.com,hostname,2024-01-26 14:09:04,,1
084db10d-a6cf-455f-9bf7-c09318c32d9b,go.microsoft.com,hostname,2024-01-26 14:09:04,,1
90c59b02-e22f-4415-ba24-5484202e6caf,iecvlist.microsoft.com,hostname,2024-01-26 14:09:04,,1
535e5889-e0cc-4789-8f5e-5b5542f4cd39,img-prod-cms-rt-microsoft-com.akamaized.net,hostname,2024-01-26 14:09:04,,1
018eeca5-a878-4c1a-8ad1-cc5d84c4afab,ipv4.login.live.com,hostname,2024-01-26 14:09:04,,1
62fbbe32-1418-45ab-8461-438c7874ca3a,ipv6.login.live.com,hostname,2024-01-26 14:09:04,,1
5251223e-ecd1-4834-be86-5f9ecde804fa,js.stripe.com,hostname,2024-01-26 14:09:04,,1
64ebf942-9f14-4374-a64e-48e8c6c4c990,login.live.com,hostname,2024-01-26 14:09:04,,1
3ff9e64e-08e0-4bee-9efe-3c68f7ad5381,msaaqs.login.live.com,hostname,2024-01-26 14:09:04,,1
ecc35f28-5bc6-443a-be8b-16daa208b74b,msnia.login.live.com,hostname,2024-01-26 14:09:04,,1
d18e5d09-4636-498b-8717-8b18c48ce9db,tools.login.live.com,hostname,2024-01-26 14:09:04,,1
5b73c949-bf39-4955-8756-6134e023bbd1,widget.resy.com,hostname,2024-01-26 14:09:04,,1
3f4f8684-74e0-4bad-903c-68eb560e8a85,www.login.live.com,hostname,2024-01-26 14:09:04,,1
680da842-4a37-47f8-8c08-2a8a72522797,www.pornhub.com,hostname,2024-01-26 14:09:04,,1
389737e4-3af3-48f6-8dea-41c9949f8c8e,www.virustotal.com,hostname,2024-01-26 14:09:04,,1
3c1866f4-674c-43c0-8b99-f0eae8b87157,xml.login.live.com,hostname,2024-01-26 14:09:04,,1
